State,Strategy,Wall_Time(hours),Median_Energy(Ha),P15_Energy(Ha),P85_Energy(Ha)
B1g,HCI-Guided Pretraining,0.1897,-949.514602,-949.514602,-949.514602
B1g,HCI-Guided Pretraining,0.9372,-949.325014,-949.343114,-949.277796
B1g,HCI-Guided Pretraining,1.6847,-949.668866,-949.806974,-949.635335
B1g,HCI-Guided Pretraining,2.4322,-949.899588,-949.968418,-949.854163
B1g,HCI-Guided Pretraining,3.1797,-950.043744,-950.055892,-949.994213
B1g,HCI-Guided Pretraining,3.9272,-950.117705,-950.140837,-950.088719
B1g,HCI-Guided Pretraining,4.6747,-950.172372,-950.202213,-950.164534
B1g,HCI-Guided Pretraining,5.4222,-950.232689,-950.247145,-950.206997
B1g,HCI-Guided Pretraining,6.1697,-950.262417,-950.276048,-950.235996
B1g,HCI-Guided Pretraining,6.9172,-950.274270,-950.295841,-950.257387
B1g,HCI-Guided Pretraining,7.6647,-950.282818,-950.307315,-950.273097
B1g,HCI-Guided Pretraining,8.4122,-950.297662,-950.314251,-950.285595
B1g,HCI-Guided Pretraining,9.1597,-950.309505,-950.319472,-950.294330
B1g,HCI-Guided Pretraining,9.9072,-950.316624,-950.324624,-950.299909
B1g,HCI-Guided Pretraining,10.6547,-950.318266,-950.328132,-950.304029
B1g,HCI-Guided Pretraining,11.4022,-950.319681,-950.331113,-950.306507
B1g,HCI-Guided Pretraining,12.1497,-950.321785,-950.332281,-950.308145
B1g,HCI-Guided Pretraining,12.8972,-950.324091,-950.333487,-950.309578
B1g,HCI-Guided Pretraining,13.6446,-950.324740,-950.334403,-950.311017
B1g,HCI-Guided Pretraining,14.3921,-950.325480,-950.335072,-950.312010
B1g,HCI-Guided Pretraining,15.1396,-950.326363,-950.335526,-950.312712
B1g,HCI-Guided Pretraining,15.8871,-950.327002,-950.335749,-950.313475
B1g,HCI-Guided Pretraining,16.6346,-950.327847,-950.336001,-950.313882
B1g,HCI-Guided Pretraining,17.3821,-950.328441,-950.336276,-950.314242
B1g,HCI-Guided Pretraining,18.1296,-950.329096,-950.336454,-950.314921
B1g,HCI-Guided Pretraining,18.8771,-950.329805,-950.336621,-950.315318
B1g,HCI-Guided Pretraining,19.6246,-950.330365,-950.336879,-950.315663
B1g,HCI-Guided Pretraining,20.3721,-950.330895,-950.337119,-950.315951
B1g,HCI-Guided Pretraining,21.1196,-950.331361,-950.337254,-950.316344
B1g,HCI-Guided Pretraining,21.8671,-950.332015,-950.337382,-950.316680
B1g,HCI-Guided Pretraining,22.6146,-950.332251,-950.337600,-950.316881
B1g,HCI-Guided Pretraining,23.3621,-950.332797,-950.337818,-950.317036
B1g,HCI-Guided Pretraining,24.1096,-950.333018,-950.337969,-950.317281
B1g,HCI-Guided Pretraining,24.8571,-950.333322,-950.338090,-950.318019
B1g,HCI-Guided Pretraining,25.6046,-950.333688,-950.338191,-950.319001
B1g,HCI-Guided Pretraining,26.3521,-950.333977,-950.338328,-950.319970
B1g,HCI-Guided Pretraining,27.0996,-950.333891,-950.338415,-950.320899
B1g,HCI-Guided Pretraining,27.8471,-950.331885,-950.338744,-950.321614
B1g,HCI-Guided Pretraining,28.5946,-950.333159,-950.342662,-950.319793
B1g,HCI-Guided Pretraining,29.3421,-950.337847,-950.348406,-950.322241
B1g,HCI-Guided Pretraining,30.0896,-950.340819,-950.353686,-950.327445
B1g,HCI-Guided Pretraining,30.8371,-950.343263,-950.357911,-950.331241
B1g,HCI-Guided Pretraining,31.5845,-950.344847,-950.361045,-950.334624
B1g,HCI-Guided Pretraining,32.3320,-950.346552,-950.362978,-950.336966
B1g,HCI-Guided Pretraining,33.0795,-950.348395,-950.364473,-950.339345
B1g,HCI-Guided Pretraining,33.8270,-950.350171,-950.365798,-950.341836
B1g,HCI-Guided Pretraining,34.5745,-950.351826,-950.366975,-950.344786
B1g,HCI-Guided Pretraining,35.3220,-950.352890,-950.367960,-950.346857
B1g,HCI-Guided Pretraining,36.0695,-950.353889,-950.368887,-950.348285
B1g,HCI-Guided Pretraining,36.8170,-950.354821,-950.369718,-950.349946
B1g,HCI-Guided Pretraining,37.5645,-950.356023,-950.370342,-950.351499
B1g,HCI-Guided Pretraining,38.3120,-950.357706,-950.370898,-950.352763
B1g,HCI-Guided Pretraining,39.0595,-950.359757,-950.371407,-950.353951
B1g,HCI-Guided Pretraining,39.8070,-950.361796,-950.371878,-950.355041
B1g,HCI-Guided Pretraining,40.5545,-950.363644,-950.372333,-950.356093
B1g,HCI-Guided Pretraining,41.3020,-950.365351,-950.372778,-950.357106
B1g,HCI-Guided Pretraining,42.0495,-950.367083,-950.373211,-950.358069
B1g,HCI-Guided Pretraining,42.7970,-950.368761,-950.373588,-950.359025
B1g,HCI-Guided Pretraining,43.5445,-950.370137,-950.373955,-950.359969
B1g,HCI-Guided Pretraining,44.2920,-950.370526,-950.374284,-950.360724
B1g,HCI-Guided Pretraining,45.0395,-950.370893,-950.374639,-950.361446
B1g,HCI-Guided Pretraining,45.7870,-950.371237,-950.375092,-950.362131
B1g,HCI-Guided Pretraining,46.5345,-950.371555,-950.375523,-950.362769
B1g,HCI-Guided Pretraining,47.2820,-950.371862,-950.375965,-950.363376
B1g,HCI-Guided Pretraining,48.0295,-950.372143,-950.376804,-950.364072
B1g,HCI-Guided Pretraining,48.7770,-950.372422,-950.377407,-950.364718
B1g,HCI-Guided Pretraining,49.5244,-950.372699,-950.377604,-950.365248
B1g,HCI-Guided Pretraining,50.2719,-950.372967,-950.377798,-950.365746
B1g,HCI-Guided Pretraining,51.0194,-950.373231,-950.377989,-950.366226
B1g,HCI-Guided Pretraining,51.7669,-950.373486,-950.378178,-950.366692
B1g,HCI-Guided Pretraining,52.5144,-950.373738,-950.378356,-950.367162
B1g,HCI-Guided Pretraining,53.2619,-950.373987,-950.378501,-950.367629
B1g,HCI-Guided Pretraining,54.0094,-950.374201,-950.378627,-950.368041
B1g,HCI-Guided Pretraining,54.7569,-950.374405,-950.378747,-950.368425
B1g,HCI-Guided Pretraining,55.5044,-950.374596,-950.378865,-950.368770
B1g,HCI-Guided Pretraining,56.2519,-950.374787,-950.378974,-950.369118
B1g,HCI-Guided Pretraining,56.9994,-950.374978,-950.379078,-950.369477
B1g,HCI-Guided Pretraining,57.7469,-950.375171,-950.379179,-950.369818
B1g,HCI-Guided Pretraining,58.4944,-950.375357,-950.379277,-950.370149
B1g,HCI-Guided Pretraining,59.2419,-950.375515,-950.379375,-950.370469
B1g,HCI-Guided Pretraining,59.9894,-950.375672,-950.379474,-950.370788
B1g,HCI-Guided Pretraining,60.7369,-950.375828,-950.379569,-950.371107
B1g,HCI-Guided Pretraining,61.4844,-950.375977,-950.379664,-950.371414
B1g,HCI-Guided Pretraining,62.2319,-950.376125,-950.379761,-950.371711
B1g,HCI-Guided Pretraining,62.9794,-950.376269,-950.379870,-950.371982
B1g,HCI-Guided Pretraining,63.7269,-950.376420,-950.379975,-950.372245
B1g,HCI-Guided Pretraining,64.4744,-950.376576,-950.380078,-950.372498
B1g,HCI-Guided Pretraining,65.2219,-950.376720,-950.380176,-950.372758
B1g,HCI-Guided Pretraining,65.9694,-950.376857,-950.380270,-950.373023
B1g,HCI-Guided Pretraining,66.7168,-950.376975,-950.380360,-950.373208
B1g,HCI-Guided Pretraining,67.4643,-950.377086,-950.380442,-950.373383
B1g,HCI-Guided Pretraining,68.2118,-950.377191,-950.380520,-950.373562
B1g,HCI-Guided Pretraining,68.9593,-950.377291,-950.380594,-950.373744
B1g,HCI-Guided Pretraining,69.7068,-950.377391,-950.380668,-950.373913
B1g,HCI-Guided Pretraining,70.4543,-950.377490,-950.380739,-950.374081
B1g,HCI-Guided Pretraining,71.2018,-950.377586,-950.380807,-950.374252
B1g,HCI-Guided Pretraining,71.9493,-950.377678,-950.380875,-950.374420
B1g,HCI-Guided Pretraining,72.6968,-950.377770,-950.380944,-950.374586
B1g,HCI-Guided Pretraining,73.4443,-950.377862,-950.381012,-950.374752
B1g,HCI-Guided Pretraining,74.1918,-950.377948,-950.381080,-950.374913
B1g,HCI-Guided Pretraining,74.9393,-950.378032,-950.381144,-950.375058
B1g,HCI-Guided Pretraining,75.6868,-950.378114,-950.381207,-950.375201
B1g,HCI-Guided Pretraining,76.4343,-950.378193,-950.381268,-950.375343
B1g,HCI-Guided Pretraining,77.1818,-950.378270,-950.381325,-950.375481
B1g,HCI-Guided Pretraining,77.9293,-950.378349,-950.381379,-950.375615
B1g,HCI-Guided Pretraining,78.6768,-950.378427,-950.381432,-950.375752
B1g,HCI-Guided Pretraining,79.4243,-950.378615,-950.381483,-950.375890
B1g,Orbital Energy Initialization,0.0553,-948.171190,-948.241315,-948.101064
B1g,Orbital Energy Initialization,0.5351,-948.458991,-948.666053,-947.964930
B1g,Orbital Energy Initialization,1.0148,-948.950171,-949.021586,-948.318152
B1g,Orbital Energy Initialization,1.4946,-949.102397,-949.177094,-948.599607
B1g,Orbital Energy Initialization,1.9744,-949.254622,-949.349527,-948.878407
B1g,Orbital Energy Initialization,2.4541,-949.391565,-949.478262,-949.145247
B1g,Orbital Energy Initialization,2.9339,-949.457606,-949.564360,-949.237675
B1g,Orbital Energy Initialization,3.4137,-949.523932,-949.650459,-949.326924
B1g,Orbital Energy Initialization,3.8935,-949.577075,-949.705410,-949.401356
B1g,Orbital Energy Initialization,4.3732,-949.617077,-949.733910,-949.466631
B1g,Orbital Energy Initialization,4.8530,-949.652798,-949.761102,-949.533979
B1g,Orbital Energy Initialization,5.3328,-949.680926,-949.783940,-949.578145
B1g,Orbital Energy Initialization,5.8125,-949.707732,-949.806781,-949.612335
B1g,Orbital Energy Initialization,6.2923,-949.728122,-949.829718,-949.642024
B1g,Orbital Energy Initialization,6.7721,-949.748512,-949.852643,-949.665435
B1g,Orbital Energy Initialization,7.2519,-949.772980,-949.872507,-949.688847
B1g,Orbital Energy Initialization,7.7316,-949.797524,-949.891472,-949.713619
B1g,Orbital Energy Initialization,8.2114,-949.806196,-949.891294,-949.738470
B1g,Orbital Energy Initialization,8.6912,-949.810100,-949.891070,-949.664625
B1g,Orbital Energy Initialization,9.1710,-949.796131,-949.911636,-949.524874
B1g,Orbital Energy Initialization,9.6507,-949.814347,-949.924495,-949.378892
B1g,Orbital Energy Initialization,10.1305,-949.841505,-949.947364,-949.413530
B1g,Orbital Energy Initialization,10.6103,-949.868663,-949.976587,-949.547409
B1g,Orbital Energy Initialization,11.0900,-949.814553,-950.000916,-949.640203
B1g,Orbital Energy Initialization,11.5698,-949.893196,-950.023285,-949.430686
B1g,Orbital Energy Initialization,12.0496,-949.942312,-950.045152,-949.552847
B1g,Orbital Energy Initialization,12.5294,-949.976357,-950.058263,-949.684445
B1g,Orbital Energy Initialization,13.0091,-949.997524,-950.070488,-949.760735
B1g,Orbital Energy Initialization,13.4889,-950.005869,-950.081882,-949.620960
B1g,Orbital Energy Initialization,13.9687,-950.020986,-950.092374,-949.488862
B1g,Orbital Energy Initialization,14.4485,-950.036102,-950.104289,-949.551527
B1g,Orbital Energy Initialization,14.9282,-950.050519,-950.118896,-949.641408
B1g,Orbital Energy Initialization,15.4080,-950.064666,-950.136900,-949.762482
B1g,Orbital Energy Initialization,15.8878,-950.078723,-950.149174,-949.883555
B1g,Orbital Energy Initialization,16.3675,-950.091795,-950.159609,-949.940143
B1g,Orbital Energy Initialization,16.8473,-950.104867,-950.169883,-949.992104
B1g,Orbital Energy Initialization,17.3271,-950.119533,-950.178086,-950.035470
B1g,Orbital Energy Initialization,17.8069,-950.136490,-950.186361,-950.051430
B1g,Orbital Energy Initialization,18.2866,-950.153447,-950.194228,-950.065908
B1g,Orbital Energy Initialization,18.7664,-950.168807,-950.200518,-950.079360
B1g,Orbital Energy Initialization,19.2462,-950.183335,-950.206400,-950.091492
B1g,Orbital Energy Initialization,19.7259,-950.192239,-950.212803,-950.103625
B1g,Orbital Energy Initialization,20.2057,-950.199919,-950.219874,-950.113884
B1g,Orbital Energy Initialization,20.6855,-950.207600,-950.227120,-950.121492
B1g,Orbital Energy Initialization,21.1653,-950.214582,-950.233618,-950.129099
B1g,Orbital Energy Initialization,21.6450,-950.221516,-950.238904,-950.137113
B1g,Orbital Energy Initialization,22.1248,-950.228396,-950.244189,-950.147057
B1g,Orbital Energy Initialization,22.6046,-950.234504,-950.250364,-950.157013
B1g,Orbital Energy Initialization,23.0844,-950.240612,-950.255292,-950.167007
B1g,Orbital Energy Initialization,23.5641,-950.246826,-950.260157,-950.177483
B1g,Orbital Energy Initialization,24.0439,-950.253500,-950.264697,-950.187933
B1g,Orbital Energy Initialization,24.5237,-950.260174,-950.268998,-950.198031
B1g,Orbital Energy Initialization,25.0034,-950.265424,-950.273153,-950.206523
B1g,Orbital Energy Initialization,25.4832,-950.269792,-950.276588,-950.213601
B1g,Orbital Energy Initialization,25.9630,-950.272999,-950.279992,-950.220202
B1g,Orbital Energy Initialization,26.4428,-950.276206,-950.283628,-950.226684
B1g,Orbital Energy Initialization,26.9225,-950.279757,-950.287330,-950.232784
B1g,Orbital Energy Initialization,27.4023,-950.283692,-950.291772,-950.238619
B1g,Orbital Energy Initialization,27.8821,-950.287626,-950.296342,-950.243818
B1g,Orbital Energy Initialization,28.3619,-950.290655,-950.301049,-950.248060
B1g,Orbital Energy Initialization,28.8416,-950.293312,-950.305757,-950.252137
B1g,Orbital Energy Initialization,29.3214,-950.295969,-950.309329,-950.256226
B1g,Orbital Energy Initialization,29.8012,-950.298755,-950.312709,-950.259397
B1g,Orbital Energy Initialization,30.2809,-950.301548,-950.315979,-950.262284
B1g,Orbital Energy Initialization,30.7607,-950.304135,-950.318475,-950.265926
B1g,Orbital Energy Initialization,31.2405,-950.306054,-950.320968,-950.270207
B1g,Orbital Energy Initialization,31.7203,-950.307973,-950.323634,-950.273624
B1g,Orbital Energy Initialization,32.2000,-950.309732,-950.326620,-950.276717
B1g,Orbital Energy Initialization,32.6798,-950.311354,-950.329607,-950.279629
B1g,Orbital Energy Initialization,33.1596,-950.312976,-950.332056,-950.282501
B1g,Orbital Energy Initialization,33.6394,-950.315107,-950.334159,-950.285370
B1g,Orbital Energy Initialization,34.1191,-950.317326,-950.336261,-950.287494
B1g,Orbital Energy Initialization,34.5989,-950.319445,-950.338060,-950.289605
B1g,Orbital Energy Initialization,35.0787,-950.320971,-950.339583,-950.291860
B1g,Orbital Energy Initialization,35.5584,-950.322496,-950.340936,-950.294199
B1g,Orbital Energy Initialization,36.0382,-950.324091,-950.342417,-950.296538
B1g,Orbital Energy Initialization,36.5180,-950.325769,-950.344080,-950.298943
B1g,Orbital Energy Initialization,36.9978,-950.327447,-950.346106,-950.301409
B1g,Orbital Energy Initialization,37.4775,-950.328996,-950.348014,-950.303951
B1g,Orbital Energy Initialization,37.9573,-950.330503,-950.349671,-950.306587
B1g,Orbital Energy Initialization,38.4371,-950.331989,-950.351101,-950.309222
B1g,Orbital Energy Initialization,38.9168,-950.333296,-950.352530,-950.311536
B1g,Orbital Energy Initialization,39.3966,-950.334602,-950.353585,-950.313670
B1g,Orbital Energy Initialization,39.8764,-950.335688,-950.354559,-950.315736
B1g,Orbital Energy Initialization,40.3562,-950.336446,-950.355524,-950.317137
B1g,Orbital Energy Initialization,40.8359,-950.337203,-950.356527,-950.318534
B1g,Orbital Energy Initialization,41.3157,-950.338126,-950.357575,-950.319900
B1g,Orbital Energy Initialization,41.7955,-950.339109,-950.358693,-950.321170
B1g,Orbital Energy Initialization,42.2753,-950.340074,-950.359739,-950.322454
B1g,Orbital Energy Initialization,42.7550,-950.340799,-950.360785,-950.324059
B1g,Orbital Energy Initialization,43.2348,-950.341524,-950.361743,-950.325691
B1g,Orbital Energy Initialization,43.7146,-950.342178,-950.362670,-950.327219
B1g,Orbital Energy Initialization,44.1943,-950.342724,-950.363591,-950.328619
B1g,Orbital Energy Initialization,44.6741,-950.343270,-950.364439,-950.330020
B1g,Orbital Energy Initialization,45.1539,-950.343850,-950.365294,-950.331506
B1g,Orbital Energy Initialization,45.6337,-950.344440,-950.366086,-950.332986
B1g,Orbital Energy Initialization,46.1134,-950.345057,-950.366776,-950.312449
B1g,Orbital Energy Initialization,46.5932,-950.345886,-950.367466,-950.313492
B1g,Orbital Energy Initialization,47.0730,-950.346867,-950.368019,-950.314535
B1g,Orbital Energy Initialization,47.5528,-950.347728,-950.368619,-950.315461
B1g,Orbital Energy Initialization,48.0325,-950.348943,-950.369221,-950.316279
B1g,Orbital Energy Initialization,48.5123,-950.350157,-950.369881,-950.317094
B1g,Orbital Energy Initialization,48.9921,-950.350779,-950.370545,-950.318194
B1g,Orbital Energy Initialization,49.4718,-950.351271,-950.371161,-950.319302
B1g,Orbital Energy Initialization,49.9516,-950.351800,-950.371668,-950.320586
B1g,Orbital Energy Initialization,50.4314,-950.352535,-950.372176,-950.322053
B1g,Orbital Energy Initialization,50.9112,-950.353271,-950.372628,-950.323519
B1g,Orbital Energy Initialization,51.3909,-950.353928,-950.373058,-950.324667
B1g,Orbital Energy Initialization,51.8707,-950.354505,-950.373491,-950.325810
B1g,Orbital Energy Initialization,52.3505,-950.355083,-950.373952,-950.326856
B1g,Orbital Energy Initialization,52.8302,-950.355461,-950.374413,-950.327788
B1g,Orbital Energy Initialization,53.3100,-950.355943,-950.374846,-950.328721
B1g,Orbital Energy Initialization,53.7898,-950.356449,-950.375253,-948.413251
B1g,Orbital Energy Initialization,54.2696,-950.356827,-950.375659,-946.453604
B1g,Orbital Energy Initialization,54.7493,-950.357209,-950.375982,-944.602306
B1g,Orbital Energy Initialization,55.2291,-950.357715,-950.376302,-942.880554
B1g,Orbital Energy Initialization,55.7089,-950.358220,-950.376607,-941.158802
B1g,Orbital Energy Initialization,56.1887,-950.358687,-950.376890,-941.084157
B1g,Orbital Energy Initialization,56.6684,-950.359108,-950.377173,-941.660036
B1g,Orbital Energy Initialization,57.1482,-950.359528,-950.377410,-943.434741
B1g,Orbital Energy Initialization,57.6280,-950.359894,-950.377623,-945.935794
B1g,Orbital Energy Initialization,58.1077,-950.360248,-950.377838,-948.436848
B1g,Orbital Energy Initialization,58.5875,-950.360618,-950.378066,-949.479769
B1g,Orbital Energy Initialization,59.0673,-950.361031,-950.378298,-949.407811
B1g,Orbital Energy Initialization,59.5471,-950.361444,-950.378540,-949.480385
B1g,Orbital Energy Initialization,60.0268,-950.361792,-950.378788,-949.508865
B1g,Orbital Energy Initialization,60.5066,-950.362105,-950.379034,-949.522210
B1g,Orbital Energy Initialization,60.9864,-950.362413,-950.379253,-949.533368
B1g,Orbital Energy Initialization,61.4662,-950.362638,-950.379465,-949.548475
B1g,Orbital Energy Initialization,61.9459,-950.362862,-950.379664,-949.563582
B1g,Orbital Energy Initialization,62.4257,-950.363107,-950.379893,-949.576183
B1g,Orbital Energy Initialization,62.9055,-950.363371,-950.380115,-949.586700
B1g,Orbital Energy Initialization,63.3852,-950.363636,-950.380338,-949.597223
B1g,Orbital Energy Initialization,63.8650,-950.363946,-950.380567,-949.609138
B1g,Orbital Energy Initialization,64.3448,-950.364260,-950.380798,-949.621084
B1g,Orbital Energy Initialization,64.8246,-950.364541,-950.381021,-949.636531
B1g,Orbital Energy Initialization,65.3043,-950.364760,-950.381232,-949.656732
B1g,Orbital Energy Initialization,65.7841,-950.364980,-950.381436,-949.676930
B1g,Orbital Energy Initialization,66.2639,-950.365243,-950.381650,-949.699072
B1g,Orbital Energy Initialization,66.7437,-950.365520,-950.381866,-949.721619
B1g,Orbital Energy Initialization,67.2234,-950.365798,-950.382075,-949.745913
B1g,Orbital Energy Initialization,67.7032,-950.366079,-950.382266,-949.778488
B1g,Orbital Energy Initialization,68.1830,-950.366361,-950.382457,-949.811060
B1g,Orbital Energy Initialization,68.6627,-950.366611,-950.382644,-949.843640
B1g,Orbital Energy Initialization,69.1425,-950.366836,-950.382827,-949.876227
B1g,Orbital Energy Initialization,69.6223,-950.367062,-950.383009,-949.908807
B1g,Orbital Energy Initialization,70.1021,-950.367249,-950.383192,-949.958530
B1g,Orbital Energy Initialization,70.5818,-950.367437,-950.383372,-950.008693
B1g,Orbital Energy Initialization,71.0616,-950.367651,-950.383545,-950.053288
B1g,Orbital Energy Initialization,71.5414,-950.367904,-950.383703,-950.089384
B1g,Orbital Energy Initialization,72.0211,-950.368156,-950.383866,-950.125472
B1g,Orbital Energy Initialization,72.5009,-950.368382,-950.384021,-950.146699
B1g,Orbital Energy Initialization,72.9807,-950.368604,-950.384170,-950.163610
B1g,Orbital Energy Initialization,73.4605,-950.368810,-950.384314,-949.855012
B1g,Orbital Energy Initialization,73.9402,-950.368969,-950.384479,-948.838370
B1g,Orbital Energy Initialization,74.4200,-950.369128,-950.384642,-948.927577
B1g,Orbital Energy Initialization,74.8998,-950.369283,-950.384800,-949.016784
B1g,Orbital Energy Initialization,75.3796,-950.369437,-950.384948,-949.104314
B1g,Orbital Energy Initialization,75.8593,-950.369593,-950.385098,-949.186958
B1g,Orbital Energy Initialization,76.3391,-950.369781,-950.385267,-949.269601
B1g,Orbital Energy Initialization,76.8189,-950.369970,-950.385443,-949.342817
B1g,Orbital Energy Initialization,77.2986,-950.370146,-950.385617,-949.382037
B1g,Orbital Energy Initialization,77.7784,-950.370311,-950.385761,-949.421263
B1g,Orbital Energy Initialization,78.2582,-950.370475,-950.385907,-949.457539
B1g,Orbital Energy Initialization,78.7380,-950.370604,-950.386042,-949.477895
B1g,Orbital Energy Initialization,79.2177,-950.370729,-950.386157,-949.498246
B1g,Orbital Energy Initialization,79.6975,-950.370866,-950.386273,-949.517963
B1g,Random Initialization,0.0561,-942.615664,-942.615664,-942.615664
B1g,Random Initialization,0.6646,-944.315678,-945.435109,-943.370340
B1g,Random Initialization,1.2730,-945.269316,-946.309218,-944.313214
B1g,Random Initialization,1.8815,-946.250786,-947.058084,-945.174794
B1g,Random Initialization,2.4900,-947.203784,-947.785098,-946.012254
B1g,Random Initialization,3.0984,-947.909184,-948.323385,-946.783771
B1g,Random Initialization,3.7069,-948.614584,-948.880343,-947.555287
B1g,Random Initialization,4.3154,-948.946069,-949.120177,-948.132789
B1g,Random Initialization,4.9238,-949.221823,-949.303038,-948.629470
B1g,Random Initialization,5.5323,-949.379886,-949.408321,-948.966199
B1g,Random Initialization,6.1408,-949.417044,-949.500510,-949.133728
B1g,Random Initialization,6.7492,-949.345916,-949.556843,-949.140401
B1g,Random Initialization,7.3577,-949.430763,-949.616423,-948.862225
B1g,Random Initialization,7.9662,-949.496002,-949.662287,-948.585148
B1g,Random Initialization,8.5746,-949.546929,-949.704750,-948.893895
B1g,Random Initialization,9.1831,-949.570313,-949.727430,-949.336538
B1g,Random Initialization,9.7916,-949.613574,-949.757319,-949.328233
B1g,Random Initialization,10.4000,-949.649475,-949.784056,-949.347584
B1g,Random Initialization,11.0085,-949.690048,-949.811638,-949.583609
B1g,Random Initialization,11.6170,-949.753632,-949.840038,-949.439950
B1g,Random Initialization,12.2254,-949.710167,-949.828460,-949.605912
B1g,Random Initialization,12.8339,-949.730593,-949.884082,-949.402555
B1g,Random Initialization,13.4424,-949.805072,-949.889964,-949.321779
B1g,Random Initialization,14.0508,-949.773116,-949.851127,-949.513770
B1g,Random Initialization,14.6593,-949.799535,-949.875311,-949.602390
B1g,Random Initialization,15.2678,-949.866185,-949.916866,-949.604112
B1g,Random Initialization,15.8762,-949.933637,-949.983094,-949.658970
B1g,Random Initialization,16.4847,-949.965483,-950.026552,-949.707999
B1g,Random Initialization,17.0932,-949.995455,-950.050351,-949.667717
B1g,Random Initialization,17.7016,-950.019222,-950.064801,-949.650113
B1g,Random Initialization,18.3101,-950.040714,-950.084559,-949.736321
B1g,Random Initialization,18.9186,-950.063041,-950.104358,-949.821732
B1g,Random Initialization,19.5270,-950.085194,-950.123426,-949.812084
B1g,Random Initialization,20.1355,-950.102309,-950.142148,-949.547668
B1g,Random Initialization,20.7440,-950.120110,-950.160854,-949.284127
B1g,Random Initialization,21.3524,-950.134814,-950.179330,-949.322994
B1g,Random Initialization,21.9609,-950.148300,-950.195865,-949.497433
B1g,Random Initialization,22.5694,-950.159605,-950.210492,-949.685458
B1g,Random Initialization,23.1778,-950.168888,-950.223522,-949.832619
B1g,Random Initialization,23.7863,-950.178684,-950.233604,-949.907153
B1g,Random Initialization,24.3947,-950.189661,-950.243026,-949.981682
B1g,Random Initialization,25.0032,-950.200475,-950.249574,-950.019297
B1g,Random Initialization,25.6117,-950.209470,-950.255726,-950.041192
B1g,Random Initialization,26.2201,-950.218464,-950.261869,-950.061693
B1g,Random Initialization,26.8286,-950.226680,-950.266621,-950.078296
B1g,Random Initialization,27.4371,-950.234748,-950.271232,-950.094542
B1g,Random Initialization,28.0455,-950.242261,-950.276327,-950.107648
B1g,Random Initialization,28.6540,-950.245655,-950.280470,-950.119571
B1g,Random Initialization,29.2625,-950.252218,-950.283481,-950.132494
B1g,Random Initialization,29.8709,-950.259299,-950.286501,-950.147336
B1g,Random Initialization,30.4794,-950.263331,-950.289726,-950.161880
B1g,Random Initialization,31.0879,-950.267700,-950.292755,-950.174485
B1g,Random Initialization,31.6963,-950.271979,-950.295343,-950.186789
B1g,Random Initialization,32.3048,-950.275378,-950.297863,-950.197020
B1g,Random Initialization,32.9133,-950.278777,-950.300510,-950.207245
B1g,Random Initialization,33.5217,-950.282671,-950.303110,-950.215830
B1g,Random Initialization,34.1302,-950.286604,-950.305897,-950.223249
B1g,Random Initialization,34.7387,-950.291301,-950.308726,-950.228663
B1g,Random Initialization,35.3471,-950.296238,-950.311035,-950.231929
B1g,Random Initialization,35.9556,-950.300381,-950.313247,-950.235224
B1g,Random Initialization,36.5641,-950.303959,-950.315493,-950.238557
B1g,Random Initialization,37.1725,-950.309602,-950.317814,-950.242166
B1g,Random Initialization,37.7810,-950.312759,-950.320103,-950.246366
B1g,Random Initialization,38.3895,-950.316146,-950.322216,-950.250778
B1g,Random Initialization,38.9979,-950.318473,-950.324464,-950.255505
B1g,Random Initialization,39.6064,-950.320563,-950.326896,-950.260384
B1g,Random Initialization,40.2149,-950.321998,-950.329265,-950.265851
B1g,Random Initialization,40.8233,-950.325085,-950.331452,-950.272586
B1g,Random Initialization,41.4318,-950.327749,-950.333673,-950.279240
B1g,Random Initialization,42.0403,-950.330184,-950.335873,-950.286043
B1g,Random Initialization,42.6487,-950.332409,-950.338506,-950.293339
B1g,Random Initialization,43.2572,-950.334242,-950.340661,-950.300288
B1g,Random Initialization,43.8657,-950.335911,-950.342804,-950.304201
B1g,Random Initialization,44.4741,-950.337294,-950.344436,-950.308136
B1g,Random Initialization,45.0826,-950.338513,-950.346045,-950.312288
B1g,Random Initialization,45.6911,-950.339475,-950.347879,-950.316418
B1g,Random Initialization,46.2995,-950.340773,-950.349780,-950.319291
B1g,Random Initialization,46.9080,-950.342495,-950.351734,-950.321986
B1g,Random Initialization,47.5165,-950.343956,-950.353641,-950.324985
B1g,Random Initialization,48.1249,-950.345142,-950.354904,-950.328120
B1g,Random Initialization,48.7334,-950.346300,-950.355875,-950.330116
B1g,Random Initialization,49.3419,-950.347430,-950.356900,-950.331815
B1g,Random Initialization,49.9503,-950.348319,-950.357960,-950.333441
B1g,Random Initialization,50.5588,-950.349018,-950.358871,-950.334927
B1g,Random Initialization,51.1673,-950.349794,-950.359565,-950.336535
B1g,Random Initialization,51.7757,-950.350621,-950.360371,-950.338254
B1g,Random Initialization,52.3842,-950.351494,-950.361240,-950.339757
B1g,Random Initialization,52.9926,-950.352391,-950.361930,-950.341150
B1g,Random Initialization,53.6011,-950.352990,-950.362457,-950.342322
B1g,Random Initialization,54.2096,-950.353479,-950.363150,-950.343433
B1g,Random Initialization,54.8180,-950.353906,-950.363917,-950.344886
B1g,Random Initialization,55.4265,-950.354674,-950.364501,-950.346464
B1g,Random Initialization,56.0350,-950.356242,-950.365020,-950.347567
B1g,Random Initialization,56.6434,-950.357656,-950.365563,-950.348319
B1g,Random Initialization,57.2519,-950.358206,-950.366045,-950.348934
B1g,Random Initialization,57.8604,-950.358647,-950.366476,-950.349470
B1g,Random Initialization,58.4688,-950.359107,-950.366906,-950.349865
B1g,Random Initialization,59.0773,-950.359584,-950.367304,-950.350308
B1g,Random Initialization,59.6858,-950.360076,-950.367701,-950.350881
B1g,Random Initialization,60.2942,-950.360586,-950.368164,-950.351456
B1g,Random Initialization,60.9027,-950.361044,-950.368640,-950.351953
B1g,Random Initialization,61.5112,-950.361409,-950.369066,-950.352610
B1g,Random Initialization,62.1196,-950.361877,-950.369481,-950.353400
B1g,Random Initialization,62.7281,-950.362632,-950.369871,-950.354044
B1g,Random Initialization,63.3366,-950.363302,-950.370249,-950.354627
B1g,Random Initialization,63.9450,-950.363570,-950.370674,-950.355080
B1g,Random Initialization,64.5535,-950.363849,-950.371118,-950.355503
B1g,Random Initialization,65.1620,-950.364223,-950.371432,-950.356697
B1g,Random Initialization,65.7704,-950.364596,-950.371713,-950.357975
B1g,Random Initialization,66.3789,-950.364872,-950.371914,-950.359299
B1g,Random Initialization,66.9874,-950.365148,-950.372128,-950.360674
B1g,Random Initialization,67.5958,-950.365427,-950.372394,-950.361585
B1g,Random Initialization,68.2043,-950.365705,-950.372664,-950.362455
B1g,Random Initialization,68.8128,-950.365953,-950.372939,-950.363368
B1g,Random Initialization,69.4212,-950.366197,-950.373212,-950.363993
B1g,Random Initialization,70.0297,-950.366498,-950.373502,-950.364473
B1g,Random Initialization,70.6382,-950.366815,-950.373782,-950.364970
B1g,Random Initialization,71.2466,-950.367098,-950.373985,-950.325516
B1g,Random Initialization,71.8551,-950.367365,-950.374188,-950.325159
B1g,Random Initialization,72.4636,-950.367996,-950.374507,-950.323044
B1g,Random Initialization,73.0720,-950.368716,-950.374801,-949.153154
B1g,Random Initialization,73.6805,-950.369202,-950.375074,-947.121351
B1g,Random Initialization,74.2890,-950.369699,-950.375361,-946.621901
B1g,Random Initialization,74.8974,-950.370230,-950.375656,-948.402729
B1g,Random Initialization,75.5059,-950.370696,-950.375927,-949.956559
B1g,Random Initialization,76.1144,-950.371037,-950.376122,-947.164012
B1g,Random Initialization,76.7228,-950.371336,-950.376321,-944.089118
B1g,Random Initialization,77.3313,-950.371573,-950.376543,-942.798992
B1g,Random Initialization,77.9398,-950.371910,-950.376763,-941.508870
B1g,Random Initialization,78.5482,-950.372355,-950.376963,-941.803738
B1g,Random Initialization,79.1567,-950.372671,-950.377161,-942.462380
B1g,Random Initialization,79.7651,-950.372871,-950.377296,-944.278171
B3g,HCI-Guided Pretraining,0.1897,-948.906204,-948.906204,-948.906204
B3g,HCI-Guided Pretraining,0.9625,-949.368948,-949.392508,-949.102446
B3g,HCI-Guided Pretraining,1.7353,-949.666743,-949.820116,-949.477211
B3g,HCI-Guided Pretraining,2.5081,-949.935263,-949.973597,-949.845646
B3g,HCI-Guided Pretraining,3.2809,-950.019989,-950.037448,-949.978505
B3g,HCI-Guided Pretraining,4.0537,-950.067376,-950.087461,-950.032716
B3g,HCI-Guided Pretraining,4.8265,-950.094391,-950.114932,-950.072623
B3g,HCI-Guided Pretraining,5.5993,-950.114031,-950.134113,-950.095367
B3g,HCI-Guided Pretraining,6.3721,-950.129404,-950.152634,-950.114207
B3g,HCI-Guided Pretraining,7.1449,-950.140961,-950.162518,-950.128652
B3g,HCI-Guided Pretraining,7.9177,-950.152687,-950.178650,-950.138700
B3g,HCI-Guided Pretraining,8.6905,-950.166019,-950.197816,-950.149913
B3g,HCI-Guided Pretraining,9.4633,-950.173085,-950.220538,-950.155567
B3g,HCI-Guided Pretraining,10.2361,-950.180459,-950.243394,-950.159764
B3g,HCI-Guided Pretraining,11.0089,-950.195299,-950.265887,-950.162952
B3g,HCI-Guided Pretraining,11.7817,-950.217652,-950.287768,-950.165153
B3g,HCI-Guided Pretraining,12.5545,-950.239501,-950.310344,-950.167133
B3g,HCI-Guided Pretraining,13.3273,-950.246965,-950.333956,-950.169882
B3g,HCI-Guided Pretraining,14.1001,-950.253213,-950.351621,-950.174541
B3g,HCI-Guided Pretraining,14.8730,-950.258036,-950.361128,-950.178851
B3g,HCI-Guided Pretraining,15.6458,-950.261723,-950.366458,-950.184230
B3g,HCI-Guided Pretraining,16.4186,-950.264567,-950.369684,-950.188488
B3g,HCI-Guided Pretraining,17.1914,-950.266629,-950.371847,-950.195033
B3g,HCI-Guided Pretraining,17.9642,-950.283155,-950.373058,-950.203291
B3g,HCI-Guided Pretraining,18.7370,-950.315406,-950.373783,-950.210741
B3g,HCI-Guided Pretraining,19.5098,-950.339227,-950.374297,-950.217527
B3g,HCI-Guided Pretraining,20.2826,-950.351215,-950.374756,-950.223259
B3g,HCI-Guided Pretraining,21.0554,-950.358533,-950.375025,-950.226155
B3g,HCI-Guided Pretraining,21.8282,-950.362468,-950.375304,-950.228765
B3g,HCI-Guided Pretraining,22.6010,-950.364757,-950.375455,-950.231459
B3g,HCI-Guided Pretraining,23.3738,-950.366423,-950.375643,-950.233358
B3g,HCI-Guided Pretraining,24.1466,-950.367596,-950.375808,-950.235945
B3g,HCI-Guided Pretraining,24.9194,-950.368716,-950.375946,-950.237596
B3g,HCI-Guided Pretraining,25.6922,-950.369525,-950.376048,-950.239260
B3g,HCI-Guided Pretraining,26.4650,-950.370298,-950.376165,-950.241180
B3g,HCI-Guided Pretraining,27.2378,-950.370288,-950.375524,-950.241360
B3g,HCI-Guided Pretraining,28.0106,-950.364883,-950.369088,-950.241566
B3g,HCI-Guided Pretraining,28.7834,-950.360342,-950.368867,-950.241782
B3g,HCI-Guided Pretraining,29.5562,-950.365096,-950.373169,-950.242788
B3g,HCI-Guided Pretraining,30.3290,-950.368732,-950.375226,-950.252769
B3g,HCI-Guided Pretraining,31.1018,-950.370203,-950.376748,-950.259940
B3g,HCI-Guided Pretraining,31.8746,-950.371162,-950.377630,-950.267298
B3g,HCI-Guided Pretraining,32.6474,-950.371914,-950.378291,-950.277061
B3g,HCI-Guided Pretraining,33.4202,-950.372453,-950.378818,-950.282325
B3g,HCI-Guided Pretraining,34.1930,-950.372934,-950.379237,-950.285356
B3g,HCI-Guided Pretraining,34.9658,-950.373360,-950.379624,-950.288635
B3g,HCI-Guided Pretraining,35.7386,-950.373632,-950.379987,-950.292813
B3g,HCI-Guided Pretraining,36.5114,-950.373947,-950.380281,-950.297176
B3g,HCI-Guided Pretraining,37.2842,-950.374285,-950.380577,-950.301421
B3g,HCI-Guided Pretraining,38.0570,-950.374580,-950.380863,-950.305138
B3g,HCI-Guided Pretraining,38.8298,-950.374858,-950.381101,-950.308771
B3g,HCI-Guided Pretraining,39.6026,-950.375120,-950.381312,-950.312809
B3g,HCI-Guided Pretraining,40.3754,-950.375387,-950.381494,-950.266963
B3g,HCI-Guided Pretraining,41.1482,-950.375637,-950.381678,-950.270388
B3g,HCI-Guided Pretraining,41.9210,-950.375853,-950.381857,-950.273856
B3g,HCI-Guided Pretraining,42.6938,-950.376066,-950.382009,-950.277170
B3g,HCI-Guided Pretraining,43.4666,-950.376275,-950.382153,-950.279834
B3g,HCI-Guided Pretraining,44.2394,-950.376479,-950.382290,-950.282312
B3g,HCI-Guided Pretraining,45.0122,-950.376652,-950.382429,-950.284642
B3g,HCI-Guided Pretraining,45.7850,-950.376811,-950.382572,-950.286775
B3g,HCI-Guided Pretraining,46.5578,-950.376995,-950.382701,-950.288898
B3g,HCI-Guided Pretraining,47.3306,-950.377153,-950.382823,-950.291057
B3g,HCI-Guided Pretraining,48.1034,-950.377281,-950.382944,-950.292817
B3g,HCI-Guided Pretraining,48.8762,-950.377427,-950.383064,-950.294352
B3g,HCI-Guided Pretraining,49.6490,-950.377569,-950.383179,-950.296149
B3g,HCI-Guided Pretraining,50.4218,-950.377700,-950.383279,-950.297806
B3g,HCI-Guided Pretraining,51.1946,-950.377828,-950.383380,-950.362444
B3g,HCI-Guided Pretraining,51.9674,-950.377946,-950.383485,-950.363917
B3g,HCI-Guided Pretraining,52.7402,-950.378026,-950.383583,-950.365343
B3g,HCI-Guided Pretraining,53.5130,-950.378121,-950.383679,-950.366560
B3g,HCI-Guided Pretraining,54.2858,-950.378227,-950.383780,-950.367724
B3g,HCI-Guided Pretraining,55.0586,-950.378344,-950.383874,-950.368775
B3g,HCI-Guided Pretraining,55.8314,-950.378457,-950.383960,-950.369669
B3g,HCI-Guided Pretraining,56.6042,-950.378928,-950.384036,-950.370494
B3g,HCI-Guided Pretraining,57.3770,-950.379030,-950.384115,-950.371253
B3g,HCI-Guided Pretraining,58.1498,-950.379135,-950.384216,-950.371975
B3g,HCI-Guided Pretraining,58.9226,-950.379239,-950.384309,-950.372642
B3g,HCI-Guided Pretraining,59.6954,-950.379340,-950.384397,-950.372990
B3g,HCI-Guided Pretraining,60.4682,-950.379435,-950.384476,-950.373311
B3g,HCI-Guided Pretraining,61.2410,-950.379532,-950.384554,-950.373593
B3g,HCI-Guided Pretraining,62.0138,-950.379630,-950.384686,-950.373867
B3g,HCI-Guided Pretraining,62.7866,-950.379724,-950.384821,-950.374151
B3g,HCI-Guided Pretraining,63.5594,-950.379816,-950.384950,-950.374405
B3g,HCI-Guided Pretraining,64.3322,-950.379903,-950.385055,-950.374650
B3g,HCI-Guided Pretraining,65.1050,-950.379997,-950.385180,-950.374895
B3g,HCI-Guided Pretraining,65.8779,-950.379327,-950.384093,-950.314794
B3g,HCI-Guided Pretraining,66.6507,-950.379368,-950.384351,-950.315235
B3g,HCI-Guided Pretraining,67.4235,-950.379501,-950.384585,-950.315647
B3g,HCI-Guided Pretraining,68.1963,-950.379616,-950.384813,-950.315994
B3g,HCI-Guided Pretraining,68.9691,-950.379705,-950.385048,-950.316357
B3g,HCI-Guided Pretraining,69.7419,-950.379785,-950.385248,-950.316753
B3g,HCI-Guided Pretraining,70.5147,-950.379959,-950.385387,-950.317098
B3g,HCI-Guided Pretraining,71.2875,-950.380243,-950.385443,-950.317423
B3g,HCI-Guided Pretraining,72.0603,-950.380493,-950.385494,-950.317758
B3g,HCI-Guided Pretraining,72.8331,-950.380690,-950.385545,-950.318077
B3g,HCI-Guided Pretraining,73.6059,-950.380838,-950.385596,-950.318377
B3g,HCI-Guided Pretraining,74.3787,-950.380888,-950.385644,-950.318665
B3g,HCI-Guided Pretraining,75.1515,-950.380945,-950.385693,-950.318948
B3g,HCI-Guided Pretraining,75.9243,-950.381010,-950.385737,-950.347006
B3g,HCI-Guided Pretraining,76.6971,-950.381077,-950.385782,-950.362687
B3g,HCI-Guided Pretraining,77.4699,-950.381141,-950.385818,-950.373575
B3g,HCI-Guided Pretraining,78.2427,-950.381189,-950.385857,-950.376681
B3g,HCI-Guided Pretraining,79.0155,-950.381243,-950.385898,-950.377364
B3g,HCI-Guided Pretraining,79.7883,-950.382217,-950.385917,-950.377496
B3g,Orbital Energy Initialization,0.0544,-947.841600,-947.841600,-947.841600
B3g,Orbital Energy Initialization,0.5335,-948.479772,-948.928670,-948.326549
B3g,Orbital Energy Initialization,1.0125,-948.947242,-949.166645,-948.741703
B3g,Orbital Energy Initialization,1.4915,-949.123067,-949.296304,-948.950074
B3g,Orbital Energy Initialization,1.9706,-949.296681,-949.435865,-949.152911
B3g,Orbital Energy Initialization,2.4496,-949.447022,-949.559761,-949.348165
B3g,Orbital Energy Initialization,2.9286,-949.518397,-949.624034,-949.455246
B3g,Orbital Energy Initialization,3.4077,-949.601592,-949.688308,-949.562327
B3g,Orbital Energy Initialization,3.8867,-949.671927,-949.735183,-949.620545
B3g,Orbital Energy Initialization,4.3657,-949.709383,-949.761369,-949.626317
B3g,Orbital Energy Initialization,4.8448,-949.743540,-949.785404,-949.672198
B3g,Orbital Energy Initialization,5.3238,-949.760749,-949.813432,-949.699121
B3g,Orbital Energy Initialization,5.8028,-949.782117,-949.821592,-949.722040
B3g,Orbital Energy Initialization,6.2819,-949.801737,-949.844815,-949.598068
B3g,Orbital Energy Initialization,6.7609,-949.815158,-949.868780,-949.657254
B3g,Orbital Energy Initialization,7.2399,-949.829155,-949.870060,-949.713390
B3g,Orbital Energy Initialization,7.7189,-949.821748,-949.889941,-949.757515
B3g,Orbital Energy Initialization,8.1980,-949.814341,-949.895529,-949.793908
B3g,Orbital Energy Initialization,8.6770,-949.851470,-949.887710,-949.787254
B3g,Orbital Energy Initialization,9.1560,-949.856180,-949.922064,-949.710934
B3g,Orbital Energy Initialization,9.6351,-949.881815,-949.954464,-949.630302
B3g,Orbital Energy Initialization,10.1141,-949.844831,-949.956665,-949.588325
B3g,Orbital Energy Initialization,10.5931,-949.784006,-949.987095,-949.666936
B3g,Orbital Energy Initialization,11.0722,-949.773848,-949.995773,-949.703543
B3g,Orbital Energy Initialization,11.5512,-949.865916,-950.016289,-949.759378
B3g,Orbital Energy Initialization,12.0302,-949.890984,-950.034400,-949.810227
B3g,Orbital Energy Initialization,12.5093,-949.942711,-950.047445,-949.863384
B3g,Orbital Energy Initialization,12.9883,-949.957362,-950.059332,-949.917064
B3g,Orbital Energy Initialization,13.4673,-949.999766,-950.070245,-949.948760
B3g,Orbital Energy Initialization,13.9464,-950.010340,-950.080766,-949.954458
B3g,Orbital Energy Initialization,14.4254,-950.020914,-950.089902,-949.968725
B3g,Orbital Energy Initialization,14.9044,-950.030660,-950.097991,-949.794196
B3g,Orbital Energy Initialization,15.3834,-950.038976,-950.106259,-949.549492
B3g,Orbital Energy Initialization,15.8625,-950.047291,-950.114304,-949.346671
B3g,Orbital Energy Initialization,16.3415,-950.056310,-950.121746,-949.350010
B3g,Orbital Energy Initialization,16.8205,-950.065857,-950.128922,-949.468365
B3g,Orbital Energy Initialization,17.2996,-950.075405,-950.135929,-949.586488
B3g,Orbital Energy Initialization,17.7786,-950.082930,-950.142960,-949.696933
B3g,Orbital Energy Initialization,18.2576,-950.089817,-950.149956,-949.778801
B3g,Orbital Energy Initialization,18.7367,-950.097518,-950.156224,-949.860670
B3g,Orbital Energy Initialization,19.2157,-950.105236,-950.162242,-949.942454
B3g,Orbital Energy Initialization,19.6947,-950.112805,-950.168099,-949.983363
B3g,Orbital Energy Initialization,20.1738,-950.120279,-950.173340,-950.008768
B3g,Orbital Energy Initialization,20.6528,-950.127754,-950.178422,-950.051791
B3g,Orbital Energy Initialization,21.1318,-950.134287,-950.183340,-950.059158
B3g,Orbital Energy Initialization,21.6109,-950.140554,-950.187811,-950.066526
B3g,Orbital Energy Initialization,22.0899,-950.146820,-950.192181,-950.073747
B3g,Orbital Energy Initialization,22.5689,-950.152820,-950.196238,-950.080338
B3g,Orbital Energy Initialization,23.0479,-950.158791,-950.199737,-950.086963
B3g,Orbital Energy Initialization,23.5270,-950.164755,-950.203078,-950.093346
B3g,Orbital Energy Initialization,24.0060,-950.170616,-950.206387,-950.099185
B3g,Orbital Energy Initialization,24.4850,-950.176478,-950.209630,-950.104938
B3g,Orbital Energy Initialization,24.9641,-950.182093,-950.212808,-950.110416
B3g,Orbital Energy Initialization,25.4431,-950.186733,-950.215465,-950.115804
B3g,Orbital Energy Initialization,25.9221,-950.191373,-950.217714,-950.121129
B3g,Orbital Energy Initialization,26.4012,-950.195582,-950.219917,-950.126273
B3g,Orbital Energy Initialization,26.8802,-950.198751,-950.222040,-950.131347
B3g,Orbital Energy Initialization,27.3592,-950.201919,-950.224101,-950.136390
B3g,Orbital Energy Initialization,27.8383,-950.204377,-950.226140,-950.141003
B3g,Orbital Energy Initialization,28.3173,-950.207576,-950.227687,-950.145362
B3g,Orbital Energy Initialization,28.7963,-950.210243,-950.229170,-950.149646
B3g,Orbital Energy Initialization,29.2754,-950.212582,-950.230655,-950.154000
B3g,Orbital Energy Initialization,29.7544,-950.214532,-950.232200,-950.158398
B3g,Orbital Energy Initialization,30.2334,-950.216482,-950.233725,-950.162827
B3g,Orbital Energy Initialization,30.7124,-950.218195,-950.235564,-950.167071
B3g,Orbital Energy Initialization,31.1915,-950.219735,-950.237134,-950.171283
B3g,Orbital Energy Initialization,31.6705,-950.221275,-950.238860,-950.175463
B3g,Orbital Energy Initialization,32.1495,-950.222481,-950.240608,-950.179220
B3g,Orbital Energy Initialization,32.6286,-950.223549,-950.243168,-950.182977
B3g,Orbital Energy Initialization,33.1076,-950.224617,-950.245824,-950.186665
B3g,Orbital Energy Initialization,33.5866,-950.225785,-950.248468,-950.189780
B3g,Orbital Energy Initialization,34.0657,-950.226973,-950.251214,-950.192875
B3g,Orbital Energy Initialization,34.5447,-950.228166,-950.254354,-950.195858
B3g,Orbital Energy Initialization,35.0237,-950.229520,-950.257483,-950.198853
B3g,Orbital Energy Initialization,35.5028,-950.230827,-950.260118,-950.201821
B3g,Orbital Energy Initialization,35.9818,-950.232134,-950.262142,-950.204891
B3g,Orbital Energy Initialization,36.4608,-950.233345,-950.264155,-950.208104
B3g,Orbital Energy Initialization,36.9399,-950.234420,-950.266282,-950.211342
B3g,Orbital Energy Initialization,37.4189,-950.235495,-950.268467,-950.213787
B3g,Orbital Energy Initialization,37.8979,-950.235120,-950.270647,-950.190927
B3g,Orbital Energy Initialization,38.3769,-950.235952,-950.272473,-950.192923
B3g,Orbital Energy Initialization,38.8560,-950.236718,-950.274234,-950.194428
B3g,Orbital Energy Initialization,39.3350,-950.237417,-950.276021,-950.195904
B3g,Orbital Energy Initialization,39.8140,-950.238116,-950.277982,-950.197399
B3g,Orbital Energy Initialization,40.2931,-950.238756,-950.279925,-950.198846
B3g,Orbital Energy Initialization,40.7721,-950.240141,-950.281744,-950.200294
B3g,Orbital Energy Initialization,41.2511,-950.241313,-950.283304,-950.201724
B3g,Orbital Energy Initialization,41.7302,-950.242435,-950.284856,-949.433018
B3g,Orbital Energy Initialization,42.2092,-950.243559,-950.286593,-948.498788
B3g,Orbital Energy Initialization,42.6882,-950.244696,-950.288421,-947.436525
B3g,Orbital Energy Initialization,43.1673,-950.245833,-950.290209,-946.104696
B3g,Orbital Energy Initialization,43.6463,-950.246941,-950.291429,-946.053280
B3g,Orbital Energy Initialization,44.1253,-950.247948,-950.292641,-946.409170
B3g,Orbital Energy Initialization,44.6044,-950.248956,-950.293898,-944.717827
B3g,Orbital Energy Initialization,45.0834,-950.250082,-950.295223,-944.438334
B3g,Orbital Energy Initialization,45.5624,-950.251377,-950.296504,-944.297322
B3g,Orbital Energy Initialization,46.0414,-950.252672,-950.297891,-944.123521
B3g,Orbital Energy Initialization,46.5205,-950.253755,-950.299425,-943.836737
B3g,Orbital Energy Initialization,46.9995,-950.254670,-950.300934,-943.387472
B3g,Orbital Energy Initialization,47.4785,-950.255585,-950.302426,-942.953438
B3g,Orbital Energy Initialization,47.9576,-950.256586,-950.303948,-942.656980
B3g,Orbital Energy Initialization,48.4366,-950.257620,-950.305543,-942.360523
B3g,Orbital Energy Initialization,48.9156,-950.258653,-950.307168,-942.289388
B3g,Orbital Energy Initialization,49.3947,-950.259676,-950.308808,-942.238849
B3g,Orbital Energy Initialization,49.8737,-950.260699,-950.310395,-942.608997
B3g,Orbital Energy Initialization,50.3527,-950.261694,-950.311760,-942.883982
B3g,Orbital Energy Initialization,50.8318,-950.262452,-950.313103,-943.075065
B3g,Orbital Energy Initialization,51.3108,-950.263211,-950.314509,-943.238910
B3g,Orbital Energy Initialization,51.7898,-950.264095,-950.315816,-943.402262
B3g,Orbital Energy Initialization,52.2689,-950.265251,-950.317069,-943.572557
B3g,Orbital Energy Initialization,52.7479,-950.266408,-950.318203,-944.115956
B3g,Orbital Energy Initialization,53.2269,-950.267485,-950.319716,-944.860913
B3g,Orbital Energy Initialization,53.7059,-950.268479,-950.321254,-945.793375
B3g,Orbital Energy Initialization,54.1850,-950.269474,-950.322647,-946.487671
B3g,Orbital Energy Initialization,54.6640,-950.270648,-950.323831,-946.771194
B3g,Orbital Energy Initialization,55.1430,-950.271893,-950.324999,-945.129136
B3g,Orbital Energy Initialization,55.6221,-950.272380,-950.326114,-944.587137
B3g,Orbital Energy Initialization,56.1011,-950.272829,-950.327233,-944.930787
B3g,Orbital Energy Initialization,56.5801,-950.273278,-950.328249,-945.206903
B3g,Orbital Energy Initialization,57.0592,-950.273713,-950.329158,-945.465821
B3g,Orbital Energy Initialization,57.5382,-950.274140,-950.330054,-945.724740
B3g,Orbital Energy Initialization,58.0172,-950.274567,-950.330905,-945.930885
B3g,Orbital Energy Initialization,58.4963,-950.274966,-950.331725,-946.117570
B3g,Orbital Energy Initialization,58.9753,-950.275363,-950.332567,-946.304256
B3g,Orbital Energy Initialization,59.4543,-950.275774,-950.333609,-946.954623
B3g,Orbital Energy Initialization,59.9334,-950.276243,-950.334657,-947.678905
B3g,Orbital Energy Initialization,60.4124,-950.276712,-950.335767,-948.403186
B3g,Orbital Energy Initialization,60.8914,-950.277051,-950.336956,-948.416222
B3g,Orbital Energy Initialization,61.3704,-950.277265,-950.338128,-948.294358
B3g,Orbital Energy Initialization,61.8495,-950.277480,-950.339063,-948.172494
B3g,Orbital Energy Initialization,62.3285,-950.277825,-950.339908,-948.049725
B3g,Orbital Energy Initialization,62.8075,-950.278198,-950.340763,-947.743363
B3g,Orbital Energy Initialization,63.2866,-950.278576,-950.341573,-947.437001
B3g,Orbital Energy Initialization,63.7656,-950.278984,-950.342388,-947.130630
B3g,Orbital Energy Initialization,64.2446,-950.279392,-950.343144,-946.847188
B3g,Orbital Energy Initialization,64.7237,-950.279852,-950.343755,-946.564067
B3g,Orbital Energy Initialization,65.2027,-950.254701,-950.344366,-946.268060
B3g,Orbital Energy Initialization,65.6817,-950.254966,-950.344961,-946.055883
B3g,Orbital Energy Initialization,66.1608,-950.255317,-950.345545,-945.866570
B3g,Orbital Energy Initialization,66.6398,-950.255668,-950.346088,-945.504822
B3g,Orbital Energy Initialization,67.1188,-950.255982,-950.346711,-945.155494
B3g,Orbital Energy Initialization,67.5979,-950.256214,-950.347356,-944.018045
B3g,Orbital Energy Initialization,68.0769,-950.256446,-950.348079,-943.407857
B3g,Orbital Energy Initialization,68.5559,-950.256690,-950.348924,-944.284509
B3g,Orbital Energy Initialization,69.0349,-950.256942,-950.349732,-945.483208
B3g,Orbital Energy Initialization,69.5140,-950.257193,-950.350449,-946.681907
B3g,Orbital Energy Initialization,69.9930,-950.257477,-950.351124,-947.370262
B3g,Orbital Energy Initialization,70.4720,-950.257766,-950.351816,-947.749405
B3g,Orbital Energy Initialization,70.9511,-950.258060,-950.352301,-948.018423
B3g,Orbital Energy Initialization,71.4301,-950.202242,-950.352713,-947.456810
B3g,Orbital Energy Initialization,71.9091,-950.115818,-950.353087,-946.970377
B3g,Orbital Energy Initialization,72.3882,-949.784647,-950.353486,-947.762247
B3g,Orbital Energy Initialization,72.8672,-949.841080,-950.353888,-948.522098
B3g,Orbital Energy Initialization,73.3462,-949.864191,-950.354388,-948.039726
B3g,Orbital Energy Initialization,73.8253,-949.887106,-950.354985,-947.857228
B3g,Orbital Energy Initialization,74.3043,-949.910022,-950.355574,-946.598572
B3g,Orbital Energy Initialization,74.7833,-949.934614,-950.356097,-947.306965
B3g,Orbital Energy Initialization,75.2624,-949.959288,-950.356593,-947.527614
B3g,Orbital Energy Initialization,75.7414,-949.984078,-950.357124,-947.338912
B3g,Orbital Energy Initialization,76.2204,-950.009800,-950.357636,-947.315520
B3g,Orbital Energy Initialization,76.6994,-950.100307,-950.358142,-947.457881
B3g,Orbital Energy Initialization,77.1785,-950.173517,-950.358614,-947.600682
B3g,Orbital Energy Initialization,77.6575,-950.246727,-950.359043,-947.865919
B3g,Orbital Energy Initialization,78.1365,-950.261458,-950.359471,-948.134608
B3g,Orbital Energy Initialization,78.6156,-950.261619,-950.359912,-948.462503
B3g,Orbital Energy Initialization,79.0946,-950.261769,-950.360369,-948.957243
B3g,Orbital Energy Initialization,79.5736,-950.261913,-950.360822,-949.451983
B3g,Random Initialization,0.0558,-942.169722,-942.169722,-942.169722
B3g,Random Initialization,0.6643,-944.642607,-945.603951,-943.411429
B3g,Random Initialization,1.2728,-945.507239,-946.249715,-944.425900
B3g,Random Initialization,1.8813,-946.378535,-947.032532,-945.345601
B3g,Random Initialization,2.4898,-947.238342,-947.808237,-946.264893
B3g,Random Initialization,3.0982,-947.942016,-948.417967,-946.997011
B3g,Random Initialization,3.7067,-948.645691,-949.027697,-947.640503
B3g,Random Initialization,4.3152,-949.032297,-949.265068,-948.204868
B3g,Random Initialization,4.9237,-949.278643,-949.435061,-948.745734
B3g,Random Initialization,5.5322,-949.427119,-949.539675,-949.092485
B3g,Random Initialization,6.1407,-949.523020,-949.611289,-949.280627
B3g,Random Initialization,6.7491,-949.595885,-949.661443,-949.437252
B3g,Random Initialization,7.3576,-949.649205,-949.704288,-949.562523
B3g,Random Initialization,7.9661,-949.688784,-949.725533,-949.612807
B3g,Random Initialization,8.5746,-949.724423,-949.773689,-949.638261
B3g,Random Initialization,9.1831,-949.687086,-949.798397,-949.669387
B3g,Random Initialization,9.7916,-949.779811,-949.840320,-949.658933
B3g,Random Initialization,10.4000,-949.753156,-949.830619,-949.714504
B3g,Random Initialization,11.0085,-949.774019,-949.830133,-949.589108
B3g,Random Initialization,11.6170,-949.829494,-949.860877,-949.462266
B3g,Random Initialization,12.2255,-949.855848,-949.907902,-949.664221
B3g,Random Initialization,12.8340,-949.893331,-949.911440,-949.687234
B3g,Random Initialization,13.4425,-949.898627,-949.930448,-949.615149
B3g,Random Initialization,14.0509,-949.919127,-949.961451,-949.745200
B3g,Random Initialization,14.6594,-949.962993,-949.978092,-949.851518
B3g,Random Initialization,15.2679,-949.940710,-950.002216,-949.905933
B3g,Random Initialization,15.8764,-949.979008,-950.020658,-949.850193
B3g,Random Initialization,16.4849,-949.992672,-950.020720,-949.757834
B3g,Random Initialization,17.0933,-950.011006,-950.033977,-949.758771
B3g,Random Initialization,17.7018,-950.027011,-950.046785,-949.640916
B3g,Random Initialization,18.3103,-950.041453,-950.060188,-949.731001
B3g,Random Initialization,18.9188,-950.054877,-950.074397,-949.856414
B3g,Random Initialization,19.5273,-950.067224,-950.089621,-949.947103
B3g,Random Initialization,20.1358,-950.078983,-950.104009,-950.004493
B3g,Random Initialization,20.7442,-950.089556,-950.117765,-950.055905
B3g,Random Initialization,21.3527,-950.100237,-950.130009,-950.073623
B3g,Random Initialization,21.9612,-950.111602,-950.140755,-950.085531
B3g,Random Initialization,22.5697,-950.122967,-950.151413,-950.096109
B3g,Random Initialization,23.1782,-950.130667,-950.161363,-950.106355
B3g,Random Initialization,23.7867,-950.135867,-950.171071,-950.115797
B3g,Random Initialization,24.3951,-950.140226,-950.177883,-950.124175
B3g,Random Initialization,25.0036,-950.150079,-950.184321,-950.132406
B3g,Random Initialization,25.6121,-950.157981,-950.190644,-950.139937
B3g,Random Initialization,26.2206,-950.163329,-950.196795,-950.147319
B3g,Random Initialization,26.8291,-950.168435,-950.202139,-950.151778
B3g,Random Initialization,27.4376,-950.172214,-950.206219,-950.156104
B3g,Random Initialization,28.0460,-950.175993,-950.209122,-950.161416
B3g,Random Initialization,28.6545,-950.180584,-950.211578,-950.166842
B3g,Random Initialization,29.2630,-950.185255,-950.214675,-950.171041
B3g,Random Initialization,29.8715,-950.188988,-950.218157,-950.174467
B3g,Random Initialization,30.4800,-950.192310,-950.220523,-950.177538
B3g,Random Initialization,31.0885,-950.195194,-950.222762,-950.180725
B3g,Random Initialization,31.6969,-950.197564,-950.225015,-950.183973
B3g,Random Initialization,32.3054,-950.200208,-950.227225,-950.186532
B3g,Random Initialization,32.9139,-950.203784,-950.229840,-950.188560
B3g,Random Initialization,33.5224,-950.207331,-950.232486,-950.190505
B3g,Random Initialization,34.1309,-950.209552,-950.234675,-950.192472
B3g,Random Initialization,34.7393,-950.211773,-950.236709,-950.194452
B3g,Random Initialization,35.3478,-950.214581,-950.238416,-950.196036
B3g,Random Initialization,35.9563,-950.217532,-950.240007,-950.197521
B3g,Random Initialization,36.5648,-950.220191,-950.242126,-950.199370
B3g,Random Initialization,37.1733,-950.222647,-950.244354,-950.201557
B3g,Random Initialization,37.7818,-950.224976,-950.245769,-950.203606
B3g,Random Initialization,38.3902,-950.227087,-950.246966,-950.205235
B3g,Random Initialization,38.9987,-950.229107,-950.248314,-950.207073
B3g,Random Initialization,39.6072,-950.230686,-950.249808,-950.209851
B3g,Random Initialization,40.2157,-950.232265,-950.251394,-950.212615
B3g,Random Initialization,40.8242,-950.233663,-950.252987,-950.214626
B3g,Random Initialization,41.4327,-950.235052,-950.254557,-950.216546
B3g,Random Initialization,42.0411,-950.236507,-950.255753,-950.218367
B3g,Random Initialization,42.6496,-950.237979,-950.257109,-950.220396
B3g,Random Initialization,43.2581,-950.240024,-950.258523,-950.222402
B3g,Random Initialization,43.8666,-950.242226,-950.259924,-950.224255
B3g,Random Initialization,44.4751,-950.244419,-950.261088,-950.225970
B3g,Random Initialization,45.0836,-950.246321,-950.262239,-950.227408
B3g,Random Initialization,45.6920,-950.247825,-950.263493,-950.228757
B3g,Random Initialization,46.3005,-950.249062,-950.264697,-950.229746
B3g,Random Initialization,46.9090,-950.249310,-950.265535,-950.230835
B3g,Random Initialization,47.5175,-950.250449,-950.266355,-948.657660
B3g,Random Initialization,48.1260,-950.252059,-950.267026,-946.933340
B3g,Random Initialization,48.7344,-950.253477,-950.267583,-946.984721
B3g,Random Initialization,49.3429,-950.254865,-950.268183,-947.143792
B3g,Random Initialization,49.9514,-950.256362,-950.268920,-947.333207
B3g,Random Initialization,50.5599,-950.257914,-950.269521,-947.609850
B3g,Random Initialization,51.1684,-950.259242,-950.270121,-947.934277
B3g,Random Initialization,51.7769,-950.260337,-950.270834,-948.195366
B3g,Random Initialization,52.3853,-950.261052,-950.271548,-948.393903
B3g,Random Initialization,52.9938,-950.261984,-950.272328,-948.551496
B3g,Random Initialization,53.6023,-950.263562,-950.273114,-948.628117
B3g,Random Initialization,54.2108,-950.264967,-950.273704,-948.706701
B3g,Random Initialization,54.8193,-950.265628,-950.274204,-948.797368
B3g,Random Initialization,55.4278,-950.266255,-950.274902,-948.888022
B3g,Random Initialization,56.0362,-950.266882,-950.275715,-948.930068
B3g,Random Initialization,56.6447,-950.267890,-950.276384,-948.966694
B3g,Random Initialization,57.2532,-950.268998,-950.276915,-949.008381
B3g,Random Initialization,57.8617,-950.270112,-950.277437,-949.056045
B3g,Random Initialization,58.4702,-950.271230,-950.277983,-949.103002
B3g,Random Initialization,59.0787,-950.272191,-950.278532,-949.147869
B3g,Random Initialization,59.6871,-950.272978,-950.279021,-949.192800
B3g,Random Initialization,60.2956,-950.273692,-950.279457,-949.942297
B3g,Random Initialization,60.9041,-950.274214,-950.280629,-950.029209
B3g,Random Initialization,61.5126,-950.274822,-950.282220,-950.116125
B3g,Random Initialization,62.1211,-950.276012,-950.283732,-950.192992
B3g,Random Initialization,62.7296,-950.277202,-950.284102,-950.203430
B3g,Random Initialization,63.3380,-950.278052,-950.284472,-950.213868
B3g,Random Initialization,63.9465,-950.278887,-950.284754,-950.219806
B3g,Random Initialization,64.5550,-950.279652,-950.283236,-950.223843
B3g,Random Initialization,65.1635,-950.277785,-950.283866,-949.644536
B3g,Random Initialization,65.7720,-950.278469,-950.284289,-949.682579
B3g,Random Initialization,66.3804,-950.279023,-950.284725,-949.718993
B3g,Random Initialization,66.9889,-950.279612,-950.285313,-949.750838
B3g,Random Initialization,67.5974,-950.280260,-950.285854,-949.781746
B3g,Random Initialization,68.2059,-950.280894,-950.286324,-949.806805
B3g,Random Initialization,68.8144,-950.281487,-950.286838,-949.831663
B3g,Random Initialization,69.4229,-950.282085,-950.287502,-949.851672
B3g,Random Initialization,70.0313,-950.282743,-950.288145,-949.871642
B3g,Random Initialization,70.6398,-950.283401,-950.288476,-949.892817
B3g,Random Initialization,71.2483,-950.271631,-950.288815,-949.846810
B3g,Random Initialization,71.8568,-950.271895,-950.289374,-949.562303
B3g,Random Initialization,72.4653,-950.272150,-950.289880,-947.785315
B3g,Random Initialization,73.0738,-950.272366,-950.290201,-945.078424
B3g,Random Initialization,73.6822,-950.272587,-950.290534,-942.371539
B3g,Random Initialization,74.2907,-950.272913,-950.290868,-940.873633
B3g,Random Initialization,74.8992,-950.273238,-950.291199,-940.484272
B3g,Random Initialization,75.5077,-950.273333,-950.291526,-940.175801
B3g,Random Initialization,76.1162,-950.273409,-950.291862,-939.873574
B3g,Random Initialization,76.7247,-950.273687,-950.292202,-939.529407
B3g,Random Initialization,77.3331,-950.274014,-950.292511,-939.481028
B3g,Random Initialization,77.9416,-950.274361,-950.293044,-940.005967
B3g,Random Initialization,78.5501,-950.274718,-950.293533,-941.027704
B3g,Random Initialization,79.1586,-950.274997,-950.293901,-941.336963
B3g,Random Initialization,79.7671,-950.275209,-950.294292,-941.540195
