Irrep,Orbital_Group,Occupancy,Max_Capacity
B1g,$\sigma_{6p}$,1.9937,2
B1g,$\pi_{6p}$,3.9826,4
B1g,$\pi^*_{6p}$,3.9799,4
B1g,$\sigma^*_{6p}$,1.9863,2
B1g,$\sigma_{7s}$,1.9321,2
B1g,$\pi_{6d}$,3.8528,4
B1g,$\sigma_{6d}$,0.9688,2
B1g,$\phi_{5f}$,0.9997,4
B1g,$\phi^*_{5f}$,0.9979,4
B1g,$\delta_{6d}$,0.8063,4
B1g,$\pi_{5f}$,0.0398,4
B1g,$\pi^*_{5f}$,0.0241,4
B1g,$\delta^*_{5f}$,0.9933,4
B1g,$\delta_{5f}$,1.1947,4
B1g,$\sigma^*_{7s}$,0.0460,2
B1g,$\pi^*_{6d}$,0.0786,4
B1g,$\sigma^*_{6d}$,0.0284,2
B1g,$\delta^*_{6d}$,0.0559,4
B1g,$\sigma_{5f}$,0.0232,2
B1g,$\sigma^*_{5f}$,0.0159,2
B3g,$\sigma_{6p}$,1.9922,2
B3g,$\pi_{6p}$,3.9801,4
B3g,$\pi^*_{6p}$,3.9762,4
B3g,$\sigma^*_{6p}$,1.9840,2
B3g,$\sigma_{7s}$,1.9541,2
B3g,$\pi_{6d}$,3.8714,4
B3g,$\sigma_{6d}$,0.9745,2
B3g,$\phi_{5f}$,1.0480,4
B3g,$\phi^*_{5f}$,0.9464,4
B3g,$\delta_{6d}$,0.9952,4
B3g,$\pi_{5f}$,0.5586,4
B3g,$\pi^*_{5f}$,0.4748,4
B3g,$\delta^*_{5f}$,0.5410,4
B3g,$\delta_{5f}$,0.4799,4
B3g,$\sigma^*_{7s}$,0.0440,2
B3g,$\pi^*_{6d}$,0.0832,4
B3g,$\sigma^*_{6d}$,0.0251,2
B3g,$\delta^*_{6d}$,0.0458,4
B3g,$\sigma_{5f}$,0.0180,2
B3g,$\sigma^*_{5f}$,0.0075,2