method,irrep,bond_length_A,energy_Ha
CASSCF,B1g,2.24,-950.174182910000
CASPT2,B1g,2.24,-953.012722980000
CASSCF,B1g,2.25,-950.178009650000
CASPT2,B1g,2.25,-953.014744740000
CASSCF,B1g,2.26,-950.181621310000
CASPT2,B1g,2.26,-953.016631300000
CASSCF,B1g,2.27,-950.185025800000
CASPT2,B1g,2.27,-953.018324190000
CASSCF,B1g,2.28,-950.188230740000
CASPT2,B1g,2.28,-953.019896760000
CASSCF,B1g,2.29,-950.191243490000
CASPT2,B1g,2.29,-953.021336900000
CASSCF,B1g,2.30,-950.194071090000
CASPT2,B1g,2.30,-953.022591090000
CASSCF,B1g,2.31,-950.196720470000
CASPT2,B1g,2.31,-953.023745400000
CASSCF,B1g,2.32,-950.199198290000
CASPT2,B1g,2.32,-953.024800390000
CASSCF,B1g,2.33,-950.201510770000
CASPT2,B1g,2.33,-953.025736490000
CASSCF,B1g,2.34,-950.203664110000
CASPT2,B1g,2.34,-953.026544520000
CASSCF,B1g,2.35,-950.205664260000
CASPT2,B1g,2.35,-953.027210880000
CASSCF,B1g,2.36,-950.207516920000
CASPT2,B1g,2.36,-953.027790000000
CASSCF,B1g,2.37,-950.209227600000
CASPT2,B1g,2.37,-953.028284540000
CASSCF,B1g,2.38,-950.210801630000
CASPT2,B1g,2.38,-953.028665080000
CASSCF,B1g,2.39,-950.212244140000
CASPT2,B1g,2.39,-953.028955480000
CASSCF,B1g,2.40,-950.213560060000
CASPT2,B1g,2.40,-953.029180400000
CASSCF,B1g,2.41,-950.214754180000
CASPT2,B1g,2.41,-953.029290400000
CASSCF,B1g,2.42,-950.215831090000
CASPT2,B1g,2.42,-953.029325490000
CASSCF,B1g,2.43,-950.216795220000
CASPT2,B1g,2.43,-953.029272380000
CASSCF,B1g,2.44,-950.217650850000
CASPT2,B1g,2.44,-953.029147710000
CASSCF,B1g,2.45,-950.218402070000
CASPT2,B1g,2.45,-953.028947450000
CASSCF,B1g,2.46,-950.219052960000
CASPT2,B1g,2.46,-953.028682810000
CASSCF,B1g,2.47,-950.219607250000
CASPT2,B1g,2.47,-953.028346710000
CASSCF,B1g,2.48,-950.220068670000
CASPT2,B1g,2.48,-953.027954780000
CASSCF,B1g,2.49,-950.220440790000
CASPT2,B1g,2.49,-953.027489450000
CASSCF,B1g,2.50,-950.220727050000
CASPT2,B1g,2.50,-953.026935880000
CASSCF,B1g,2.51,-950.220930760000
CASPT2,B1g,2.51,-953.026381900000
CASSCF,B1g,2.52,-950.221055130000
CASPT2,B1g,2.52,-953.025718030000
CASSCF,B1g,2.53,-950.221103240000
CASPT2,B1g,2.53,-953.025034310000
CASSCF,B1g,2.54,-950.221078080000
CASPT2,B1g,2.54,-953.024295930000
CASSCF,B1g,2.55,-950.220982520000
CASPT2,B1g,2.55,-953.023502080000
CASSCF,B1g,2.56,-950.220819350000
CASPT2,B1g,2.56,-953.022677530000
CASSCF,B1g,2.57,-950.220591260000
CASPT2,B1g,2.57,-953.021801920000
CASSCF,B1g,2.58,-950.220300830000
CASPT2,B1g,2.58,-953.020942640000
CASSCF,B1g,2.59,-950.219950580000
CASPT2,B1g,2.59,-953.019992570000
CASSCF,B1g,2.60,-950.219542960000
CASPT2,B1g,2.60,-953.019004860000
CASSCF,B1g,2.61,-950.219080300000
CASPT2,B1g,2.61,-953.017963950000
CASSCF,B1g,2.62,-950.218564900000
CASPT2,B1g,2.62,-953.016892970000
CASSCF,B1g,2.63,-950.217998980000
CASPT2,B1g,2.63,-953.015796850000
CASSCF,B1g,2.64,-950.217384680000
CASPT2,B1g,2.64,-953.014706370000
CASSCF,B1g,2.65,-950.216724100000
CASPT2,B1g,2.65,-953.013591820000
CASSCF,B1g,2.66,-950.216019280000
CASPT2,B1g,2.66,-953.012378670000
CASSCF,B1g,2.67,-950.215272220000
CASPT2,B1g,2.67,-953.011191110000
CASSCF,B1g,2.68,-950.214484860000
CASPT2,B1g,2.68,-953.010024540000
CASSCF,B1g,2.69,-950.213659090000
CASPT2,B1g,2.69,-953.008756670000
CASSCF,B1g,2.70,-950.212796800000
CASPT2,B1g,2.70,-953.007548850000
CASSCF,B1g,2.71,-950.211899820000
CASPT2,B1g,2.71,-953.006299410000
CASSCF,B1g,2.72,-950.210969980000
CASPT2,B1g,2.72,-953.005019610000
CASSCF,B1g,2.73,-950.210009070000
CASPT2,B1g,2.73,-953.003698050000
CASSCF,B1g,2.74,-950.209018890000
CASPT2,B1g,2.74,-953.002371250000
CASSCF,B1g,2.75,-950.208001240000
CASPT2,B1g,2.75,-953.001117980000
CASSCF,B3g,2.24,-950.173969950000
CASPT2,B3g,2.24,-953.026562090000
CASSCF,B3g,2.25,-950.177543010000
CASPT2,B3g,2.25,-953.028242080000
CASSCF,B3g,2.26,-950.180909930000
CASPT2,B3g,2.26,-953.029802470000
CASSCF,B3g,2.27,-950.184078250000
CASPT2,B3g,2.27,-953.031196460000
CASSCF,B3g,2.28,-950.187055220000
CASPT2,B3g,2.28,-953.032438180000
CASSCF,B3g,2.29,-950.189847840000
CASPT2,B3g,2.29,-953.033562220000
CASSCF,B3g,2.30,-950.192462860000
CASPT2,B3g,2.30,-953.034517620000
CASSCF,B3g,2.31,-950.194906800000
CASPT2,B3g,2.31,-953.035387420000
CASSCF,B3g,2.32,-950.197185940000
CASPT2,B3g,2.32,-953.036124410000
CASSCF,B3g,2.33,-950.199306360000
CASPT2,B3g,2.33,-953.036727630000
CASSCF,B3g,2.34,-950.201273900000
CASPT2,B3g,2.34,-953.037229860000
CASSCF,B3g,2.35,-950.203094210000
CASPT2,B3g,2.35,-953.037628280000
CASSCF,B3g,2.36,-950.204772750000
CASPT2,B3g,2.36,-953.037916520000
CASSCF,B3g,2.37,-950.206314780000
CASPT2,B3g,2.37,-953.038115760000
CASSCF,B3g,2.38,-950.207725350000
CASPT2,B3g,2.38,-953.038228190000
CASSCF,B3g,2.39,-950.209009370000
CASPT2,B3g,2.39,-953.038247420000
CASSCF,B3g,2.40,-950.210171550000
CASPT2,B3g,2.40,-953.038188110000
CASSCF,B3g,2.41,-950.211216440000
CASPT2,B3g,2.41,-953.038025140000
CASSCF,B3g,2.42,-950.212148430000
CASPT2,B3g,2.42,-953.037772900000
CASSCF,B3g,2.43,-950.212971760000
CASPT2,B3g,2.43,-953.037463260000
CASSCF,B3g,2.44,-950.213690500000
CASPT2,B3g,2.44,-953.037075300000
CASSCF,B3g,2.45,-950.214308600000
CASPT2,B3g,2.45,-953.036635890000
CASSCF,B3g,2.46,-950.214829840000
CASPT2,B3g,2.46,-953.036114370000
CASSCF,B3g,2.47,-950.215257890000
CASPT2,B3g,2.47,-953.035510710000
CASSCF,B3g,2.48,-950.215596280000
CASPT2,B3g,2.48,-953.034857400000
CASSCF,B3g,2.49,-950.215848390000
CASPT2,B3g,2.49,-953.034161800000
CASSCF,B3g,2.50,-950.216017500000
CASPT2,B3g,2.50,-953.033418460000
CASSCF,B3g,2.51,-950.216106860000
CASPT2,B3g,2.51,-953.032585280000
CASSCF,B3g,2.52,-950.216119420000
CASPT2,B3g,2.52,-953.031741860000
CASSCF,B3g,2.53,-950.216058160000
CASPT2,B3g,2.53,-953.030799970000
CASSCF,B3g,2.54,-950.215925920000
CASPT2,B3g,2.54,-953.029837380000
CASSCF,B3g,2.55,-950.215725450000
CASPT2,B3g,2.55,-953.028825020000
CASSCF,B3g,2.56,-950.215459380000
CASPT2,B3g,2.56,-953.027788730000
CASSCF,B3g,2.57,-950.215130280000
CASPT2,B3g,2.57,-953.026696750000
CASSCF,B3g,2.58,-950.214740600000
CASPT2,B3g,2.58,-953.025585680000
CASSCF,B3g,2.59,-950.214292740000
CASPT2,B3g,2.59,-953.024416570000
CASSCF,B3g,2.60,-950.213789000000
CASPT2,B3g,2.60,-953.023216200000
CASSCF,B3g,2.61,-950.213231590000
CASPT2,B3g,2.61,-953.021988180000
CASSCF,B3g,2.62,-950.212622690000
CASPT2,B3g,2.62,-953.020704540000
CASSCF,B3g,2.63,-950.211964350000
CASPT2,B3g,2.63,-953.019408470000
CASSCF,B3g,2.64,-950.211258630000
CASPT2,B3g,2.64,-953.018089730000
CASSCF,B3g,2.65,-950.210507460000
CASPT2,B3g,2.65,-953.016740490000
CASSCF,B3g,2.66,-950.209712750000
CASPT2,B3g,2.66,-953.015352390000
CASSCF,B3g,2.67,-950.208876330000
CASPT2,B3g,2.67,-953.013975640000
CASSCF,B3g,2.68,-950.208000000000
CASPT2,B3g,2.68,-953.012557040000
CASSCF,B3g,2.69,-950.207085530000
CASPT2,B3g,2.69,-953.011121650000
CASSCF,B3g,2.70,-950.206134580000
CASPT2,B3g,2.70,-953.009669750000
CASSCF,B3g,2.71,-950.205148850000
CASPT2,B3g,2.71,-953.008198950000
CASSCF,B3g,2.72,-950.204129940000
CASPT2,B3g,2.72,-953.006724030000
CASSCF,B3g,2.73,-950.203079460000
CASPT2,B3g,2.73,-953.005215020000
CASSCF,B3g,2.74,-950.201998980000
CASPT2,B3g,2.74,-953.003725400000
CASSCF,B3g,2.75,-950.200890040000
CASPT2,B3g,2.75,-953.002209090000
RASSCF,B1g,2.32,-950.317668800000
RASSCF,B1g,2.36,-950.325323340000
RASSCF,B1g,2.40,-950.330844910000
RASSCF,B1g,2.44,-950.336223430000
RASSCF,B1g,2.48,-950.338991580000
RASSCF,B1g,2.52,-950.340342890000
RASSCF,B1g,2.56,-950.340474770000
RASSCF,B1g,2.60,-950.339550710000
RASSCF,B1g,2.64,-950.337722030000
RASSCF,B1g,2.68,-950.335113020000
RASSCF,B3g,2.32,-950.312563270000
RASSCF,B3g,2.36,-950.319161580000
RASSCF,B3g,2.40,-950.323761870000
RASSCF,B3g,2.44,-950.326671960000
RASSCF,B3g,2.48,-950.328748110000
RASSCF,B3g,2.52,-950.329439530000
RASSCF,B3g,2.56,-950.329033230000
RASSCF,B3g,2.60,-950.327685570000
RASSCF,B3g,2.64,-950.325533550000
RASSCF,B3g,2.68,-950.322697670000
NQS,B1g,2.32,-950.3687370000
NQS,B1g,2.36,-950.3755990000
NQS,B1g,2.4,-950.3804730000
NQS,B1g,2.44,-950.3834390000
NQS,B1g,2.48,-950.3849790000
NQS,B1g,2.52,-950.3853400000
NQS,B1g,2.56,-950.3842900000
NQS,B1g,2.6,-950.3825350000
NQS,B1g,2.64,-950.3800320000
NQS,B1g,2.68,-950.3766480000
NQS,B3g,2.32,-950.3620750000
NQS,B3g,2.36,-950.3695880000
NQS,B3g,2.4,-950.3765970000
NQS,B3g,2.44,-950.3801360000
NQS,B3g,2.48,-950.3818430000
NQS,B3g,2.52,-950.3821500000
NQS,B3g,2.56,-950.3811400000
NQS,B3g,2.6,-950.3789780000
NQS,B3g,2.64,-950.3739230000
NQS,B3g,2.68,-950.3726590000
